zip_code,Id,Price,Living area,price-sqm
1000,10102853.806741573,493522.2621082621,134.09245742092457,3680.462507738709
1020,10106133.942857143,476250.0,182.41935483870967,2610.742705570292
1030,10162931.15086207,383445.103960396,136.31050228310502,2813.0268580774064
1040,10148343.701030929,534708.3333333334,137.87777777777777,3878.1328068337502
1050,10030559.406779662,757222.4510638298,163.45652173913044,4632.561876437847
1060,10133548.96491228,606068.1818181818,178.90196078431373,3387.7112311187275
1070,9975558.020833334,316150.0,114.22885572139303,2767.6894599303137
1080,10138172.397790056,318925.4037267081,157.7828947368421,2021.2926392219333
1081,10128706.5625,363592.5925925926,143.85714285714286,2527.4559564529773
1082,10133408.814814815,364127.6595744681,133.58823529411765,2725.746460927326
1083,10081443.611111112,274822.0,109.16666666666667,2517.453435114504
1090,10179146.203252032,318828.93859649124,118.91525423728814,2681.1441529636522
1120,10131333.07142857,331562.5,116.1951219512195,2853.497586062133
1140,9900406.50310559,336616.93406593404,101.09271523178808,3329.784280639112
1150,10225825.337209303,859231.7073170731,186.7948717948718,4599.867753653514
1160,9867700.477876106,436514.08450704225,92.20754716981132,4734.038567397839
1170,10219541.892857144,534538.4615384615,141.44444444444446,3779.1407335790677
1180,10091213.335051546,684131.5758513932,166.74193548387098,4102.936516036601
1190,10123477.771929825,395506.82653061225,135.42990654205607,2920.380266287731
1200,10137511.617449664,493466.38655462186,137.79166666666666,3581.2498570640837
1210,10226882.714285715,423823.5294117647,171.89655172413794,2465.5731901587114
1300,9883711.581027668,480705.3976608187,159.36160714285714,3016.444213127809
1301,10205321.285714285,467800.0,156.2,2994.8783610755445
1310,10217195.56097561,731500.0,273.8205128205128,2671.458001685551
1315,10228941.695652174,405763.95652173914,270.0,1502.8294685990338
1320,10203478.652173912,379318.1818181818,209.0,1814.919530230535
1325,10248673.509433962,590428.5714285715,180.02083333333334,3279.7791260932104
1330,10173581.409090908,608439.0243902439,208.47727272727272,2918.49090517505
1331,10308637.0,525000.0,164.0,3201.2195121951218
1332,10086118.533333333,519916.6666666667,195.66666666666666,2657.155025553663
1340,9941640.692307692,521839.56097560975,151.38297872340425,3447.1481891572257
1341,9705547.0,,147.0,
1342,10139890.944444444,470208.3333333333,141.41176470588235,3325.100526899612
1348,10168007.157142857,368684.44444444444,91.51515151515152,4028.671081677704
1350,10177652.509433962,349767.7346938776,199.4,1754.1009763985835
1357,10039808.142857144,332285.71428571426,135.84615384615384,2446.0443293965377
1360,9998811.186046511,369880.0,154.8181818181818,2389.1250733998827
1367,10230187.684210526,355540.1666666667,224.54545454545453,1583.3772604588396
1370,9967673.225,328566.109375,172.2058823529412,1907.9842388983773
1380,10181730.68,986327.1971830986,280.4246575342466,3517.2627323709735
1390,10171950.589285715,614846.52,227.88888888888889,2698.010082886397
1400,9917927.65116279,338552.59712230216,148.24183006535947,2283.78587186245
1401,10224320.0,349500.0,147.0,2377.5510204081634
1404,10173464.0,180000.0,,
1410,10185428.308510639,673711.86875,199.47337278106508,3377.4526361944177
1420,10152403.82795699,478940.68472906406,167.39453125,2861.1489345119453
1421,10226041.285714285,416285.71428571426,177.0,2351.8966908797415
1428,10180894.5,431857.14285714284,159.375,2709.6918767507
1430,10138008.877551021,394334.7826086957,210.9090909090909,1869.690779610195
1435,10141010.616666667,419035.71428571426,123.08620689655173,3404.4083805254836
1440,10180431.2,301750.0,155.5,1940.5144694533763
1450,10262581.533333333,400005.1666666667,188.3846153846154,2123.343065196679
1457,10224590.333333334,388852.8333333333,185.9047619047619,2091.677638319672
1460,10221589.103448275,369793.1034482759,188.04347826086956,1966.529798684473
1461,10253205.0,550000.0,200.0,2750.0
1470,10108411.290909091,432410.8695652174,193.95744680851064,2229.4110212335695
1472,10308298.0,350000.0,116.0,3017.2413793103447
1473,10276020.5,500000.0,172.5,2898.550724637681
1474,10287506.0,475000.0,240.0,1979.1666666666667
1476,10163255.333333334,546666.6666666666,240.0,2277.777777777778
1480,10071281.764423076,323380.8152173913,145.3901098901099,2224.2284255910668
1490,10018571.818181818,433100.0,193.63636363636363,2236.666666666667
1495,10179511.06060606,497800.0,176.2,2825.1986379114646
1500,9427767.282485876,367198.77192982455,128.31645569620252,2861.665481153807
1501,8702917.6,350000.0,135.8,2577.319587628866
1502,8884432.5,354750.0,219.0,1619.86301369863
1540,10018939.5,384785.71428571426,172.25,2233.879328218951
1541,10176326.0,332200.0,112.0,2966.0714285714284
1560,10182664.0625,736769.2307692308,210.25,3504.2531784505622
1570,10091942.789473685,325859.875,209.125,1558.2062163777646
1600,9825815.308510639,376765.21428571426,158.96296296296296,2370.1446378644655
1601,10081589.125,327500.0,135.57142857142858,2415.7007376185456
1620,10042364.92857143,356850.0,146.0,2444.178082191781
1630,10154093.111111112,572166.6666666666,190.77777777777777,2999.1263832265577
1640,10202947.714285715,842833.3333333334,183.75,4586.8480725623585
1650,10102817.607142856,385540.0,164.66666666666666,2341.336032388664
1651,10289580.5,386500.0,191.0,2023.5602094240837
1652,10203649.777777778,514333.3333333333,194.44444444444446,2645.142857142857
1653,10170885.5,565833.3333333334,184.5,3066.8473351400185
1654,10276701.333333334,253000.0,205.66666666666666,1230.1458670988654
1670,10029871.375,487661.14285714284,210.375,2318.0565317035903
1674,10292036.0,269000.0,173.0,1554.913294797688
1700,9905629.584269663,511259.43076923076,156.28395061728395,3271.3495451700524
1701,9534311.6,575250.0,191.75,3000.0
1702,10116127.666666666,302666.6666666667,60.0,5044.444444444444
1703,10139495.25,450000.0,174.0,2586.206896551724
1730,9821702.578313254,348725.89285714284,135.46666666666667,2574.256098847019
1731,10012410.65,339272.7272727273,98.55555555555556,3442.4515732294763
1740,9862689.782608695,361082.8333333333,174.1,2073.9967451656134
1742,10252495.333333334,346333.3333333333,353.3333333333333,980.188679245283
1745,10132571.717948718,459876.7428571429,239.46875,1920.4039894856546
1750,10108255.857142856,504140.8125,236.66666666666666,2130.1724471830985
1755,10158494.518518519,516178.1818181818,198.375,2602.032422523916
1760,10014212.794871794,403891.5625,179.37142857142857,2251.705111102262
1761,9893481.333333334,525000.0,224.0,2343.75
1770,10123624.61904762,405918.14705882355,179.75675675675674,2258.1523742559725
1780,10118427.360655738,523007.6923076923,151.28813559322035,3457.0304555404264
1785,10121827.711111112,399939.93548387097,156.66666666666666,2552.808098833219
1790,10004010.735294119,414622.57692307694,210.96666666666667,1965.34639085042
1800,9982781.928143712,357252.6129032258,136.5328947368421,2616.6046914320978
1820,9970667.24,427904.7619047619,149.4,2864.155032829731
1831,9812073.0,415409.0909090909,130.66666666666666,3179.15120593692
1840,9967656.238095239,406462.6206896552,167.05128205128204,2433.1607378198855
1850,9904112.509803921,393447.36842105264,164.6888888888889,2389.034081628305
1851,9808763.5,583457.0,200.0,2917.285
1853,10165475.421052631,380191.25,124.53333333333333,3052.927596359743
1860,9978161.214285715,518388.8888888889,181.1851851851852,2861.0997547015536
1861,9864445.714285715,444600.0,167.28571428571428,2657.728437233134
1880,10148626.6875,436500.0,191.13333333333333,2283.7460760376703
1910,9906832.0,593166.6666666666,190.75,3109.654871122761
1930,10187609.307692308,505421.92156862747,208.51020408163265,2423.967324739429
1932,10294386.5,355665.0,129.5,2746.4478764478763
1933,9597333.42857143,898954.5454545454,231.21428571428572,3887.971466284719
1950,10214674.5,949563.3333333334,227.03225806451613,4182.504025764895
1970,10064254.452830188,658671.6216216217,175.0612244897959,3762.521503784036
1980,10158505.764705881,764500.0,217.46153846153845,3515.5642023346304
1982,9827410.166666666,566000.0,176.5,3206.798866855524
2040,10097637.833333334,494580.0,193.83333333333334,2551.573516766982
2060,10095717.548387097,360243.8596491228,131.06,2748.694183191842
2070,9949469.764705881,470599.45454545453,168.6153846153846,2790.963918380889
2110,9793745.9,440540.0,136.3,3232.134996331621
2140,10123079.347826088,336406.25,146.9047619047619,2289.961507293355
2150,9987436.25,331940.0,119.75,2771.9415448851773
2160,9944635.05882353,339307.6923076923,125.0,2714.4615384615386
2170,10131457.407407407,346620.8333333333,160.8846153846154,2154.4684835445055
2180,9869432.75,323750.0,150.625,2149.377593360996
2200,10069143.694444444,325165.64285714284,141.0,2306.139311043566
2220,10155595.56521739,409446.6666666667,164.86363636363637,2483.547468063597
2221,10212550.0,210000.0,86.0,2441.860465116279
2222,10194727.25,389500.0,131.0,2973.2824427480914
2223,9872168.142857144,962000.0,127.33333333333333,7554.973821989529
2230,10000354.625,351854.1666666667,144.57142857142858,2433.773880105402
2235,9741130.23076923,384333.3333333333,149.125,2577.256216820341
2240,10128168.0,575875.0,161.16666666666666,3573.1644260599796
2243,10136337.0,649000.0,351.0,1849.002849002849
2250,9921522.3,383666.6666666667,146.31578947368422,2622.1822541966426
2260,9747357.666666666,384200.0,174.11111111111111,2206.6368857689854
2270,10099086.5,496875.0,419.6666666666667,1183.9753772835584
2275,10170506.307692308,398330.0,125.91666666666667,3163.4414295168763
2280,10235879.857142856,439854.3333333333,156.14285714285714,2816.9993900579443
2288,10291637.0,599000.0,276.0,2170.289855072464
2300,9911082.034482758,347305.10975609755,145.27522935779817,2390.6698429690327
2310,10228314.42857143,305750.0,160.71428571428572,1902.4444444444443
2320,9590781.733333332,518400.0,169.07692307692307,3066.0600545950865
2321,9884732.0,1696175.0,518.0,3274.469111969112
2323,10143733.0,465000.0,238.0,1953.781512605042
2328,9788623.333333334,287000.0,79.66666666666667,3602.510460251046
2330,10217800.0,586800.0,267.4,2194.465220643231
2340,9955024.5,716306.0,255.8181818181818,2800.0589907604835
2350,9870830.125,449750.0,205.0,2193.9024390243903
2360,9672616.971428571,583192.3913043478,157.09375,3712.384428434281
2370,9677131.0,350666.6666666667,114.65714285714286,3058.393554281917
2380,9877463.9375,385976.5,152.4375,2532.031160311603
2381,10121022.5,725000.0,281.0,2580.071174377224
2382,10267696.0,271166.6666666667,142.33333333333334,1905.152224824356
2387,9303640.0,,127.0,
2390,9898367.578947369,389930.76923076925,133.88888888888889,2912.3459942547083
2400,9856436.915492957,325543.55555555556,164.53333333333333,1978.5872501350623
2430,9975482.333333334,381644.44444444444,184.1818181818182,2072.107052758583
2431,10075593.5,,139.5,
2440,9998623.706896551,389126.9166666667,134.17021276595744,2900.2481895549213
2450,10170841.625,294285.71428571426,145.5,2022.5822287677956
2460,10094555.866666667,424884.6153846154,222.36363636363637,1910.7648279766022
2470,9985297.333333334,411666.6666666667,193.0,2132.987910189983
2480,10064380.611111112,324234.5,133.21428571428572,2433.9319034852547
2490,9815794.685714286,384474.55555555556,154.68965517241378,2485.457447862486
2491,10156528.0,,291.0,
2500,10046209.898305085,314197.2125,106.73873873873873,2943.609941551317
2520,9916916.19047619,709225.0,158.0,4488.765822784811
2530,9759091.685714286,690799.4,165.05263157894737,4185.32799744898
2531,9801182.5,885000.0,374.5,2363.150867823765
2540,8751457.714285715,361333.3333333333,108.0,3345.679012345679
2547,10116269.42857143,341250.0,107.66666666666667,3169.504643962848
2550,9746223.188679244,432133.5,126.85714285714286,3406.45777027027
2560,9974411.0,370727.96153846156,136.8,2709.999718848403
2570,10001922.772727273,448377.0,139.0,3225.73381294964
2580,9770812.07142857,393954.44444444444,144.08333333333334,2734.212454212454
2590,9514433.0,295170.9,138.11111111111111,2137.198793242156
2610,9670343.42857143,486380.8333333333,149.2439024390244,3258.9661981805302
2620,10132452.57142857,304500.0,114.66666666666667,2655.5232558139533
2627,10159345.333333334,375644.44444444444,148.0,2538.138138138138
2630,10203457.166666666,477363.63636363635,144.8,3296.7101958814665
2640,10095651.272727273,382516.23529411765,119.09433962264151,3211.8758666964886
2650,9998799.857142856,410166.6666666667,152.5,2689.617486338798
2660,9910659.38095238,323771.4285714286,131.6,2460.2692140686063
2800,10116559.902439024,449501.95,136.70833333333334,3288.0362084730264
2801,10247481.0,475000.0,144.0,3298.6111111111113
2811,10135793.666666666,690835.0,209.66666666666666,3294.920508744038
2820,9921032.25,582471.4285714285,184.4,3158.738766656337
2830,9896615.084745763,385525.4,134.375,2869.02623255814
2840,10015856.4,367176.8888888889,159.0,2309.288609364081
2845,9942307.307692308,291625.0,118.76923076923077,2455.3918393782383
2850,10062293.58,373429.3103448276,132.35416666666666,2821.439775940772
2860,10218580.555555556,639000.0,181.66666666666666,3517.4311926605506
2861,10159249.6,300800.0,134.2,2241.4307004470943
2870,9888743.0,324000.0,127.9047619047619,2533.1347728965006
2880,9945321.666666666,440403.3125,144.65,3044.6132907016936
2890,9899121.5,360000.0,171.5,2099.125364431487
2900,10007907.43478261,564813.35,194.25,2907.6620334620334
2910,10264813.454545455,682333.3333333334,210.0,3249.2063492063494
2920,10241092.142857144,492600.0,167.71428571428572,2937.1379897785346
2930,10049348.5,615247.0,218.27027027027026,2818.7393511639425
2940,9802672.0,349390.0,151.36363636363637,2308.2822822822823
2960,10013985.57142857,368500.0,175.30769230769232,2102.018429135586
2970,9882167.714285715,992740.0,274.05,3622.477650063857
2980,10040968.42857143,900532.3529411765,213.42105263157896,4219.510408355697
2990,10291000.0,749000.0,450.0,1664.4444444444443
3000,9816011.788,423644.1768707483,102.73684210526316,4123.585737983718
3001,9914086.842105264,379062.5,92.72222222222223,4088.1515877771117
3012,9690105.909090908,404375.0,245.85714285714286,1644.755955839628
3018,10213845.166666666,503600.0,195.0,2582.5641025641025
3020,10129836.942028986,405421.56862745096,130.6969696969697,3101.996699444907
3040,9969984.533333333,493707.6923076923,180.93333333333334,2728.671843999773
3050,10280710.666666666,750000.0,289.0,2595.1557093425604
3051,10308704.0,595000.0,200.0,2975.0
3053,10154892.666666666,487500.0,110.66666666666667,4405.120481927711
3060,10174952.333333334,407100.0,177.5,2293.521126760563
3061,10005081.166666666,325000.0,117.66666666666667,2762.0396600566573
3070,10224275.611111112,581967.6,194.1764705882353,2997.106694940927
3071,10222398.0,449000.0,154.0,2915.5844155844156
3078,10237675.538461538,514575.0,243.16666666666666,2116.14119259767
3080,10097895.27586207,1053615.3846153845,254.82142857142858,4134.7205002425735
3090,10242129.413793104,601578.5714285715,224.24137931034483,2682.7277520265375
3110,10240204.692307692,453420.0,226.7391304347826,1999.7430488974114
3111,10138307.0,375000.0,249.0,1506.0240963855422
3118,10076796.25,,108.25,
3120,10113424.432432432,400500.1818181818,158.5,2526.8150272440494
3128,10260070.5,386615.0,124.0,3117.8629032258063
3130,9735456.628571428,522551.52173913043,172.93333333333334,3021.6934564714556
3140,10259911.615384616,620800.0,258.4642857142857,2401.879231725853
3150,10216815.379310345,455160.0,195.15,2332.359723289777
3190,10188912.8,620126.6666666666,229.16666666666666,2706.0072727272727
3191,9967372.0,224000.0,124.0,1806.4516129032259
3200,9754354.871428572,355072.26923076925,148.32203389830508,2393.927995042325
3201,10301115.0,280000.0,,
3202,10286674.666666666,302993.6666666667,130.0,2330.720512820513
3210,9900046.034482758,457585.95,230.52173913043478,1985.001291965296
3211,10267005.0,383000.0,185.33333333333334,2066.5467625899278
3212,8623259.0,,168.0,
3220,10003909.75,354429.14285714284,169.5,2091.0273914875684
3221,10287632.0,432500.0,214.0,2021.0280373831777
3270,9892717.942857143,327213.6153846154,136.88524590163934,2390.42281897743
3271,10016547.0,359545.45454545453,162.54545454545453,2211.9686800894856
3272,10223696.555555556,301285.71428571426,205.28571428571428,1467.6409185803757
3290,9709530.323809523,333212.44615384616,140.075,2378.8145361688107
3294,10051628.5,,192.0,
3300,9980875.823943662,307484.89090909093,145.65648854961833,2111.027761075987
3320,9914575.105263159,459426.0,204.75,2243.838827838828
3321,10288565.0,965000.0,1652.0,584.1404358353511
3350,10094159.620689655,297932.81481481483,161.4,1845.9282206618018
3360,10260589.545454545,384444.44444444444,171.1818181818182,2245.825219802915
3370,9981509.15,449796.53846153844,174.1,2583.5527769186588
3380,10029475.0,325428.5714285714,168.28571428571428,1933.786078098472
3381,9965055.0,677514.3703703703,220.58620689655172,3071.426722016686
3390,9737043.863636363,408559.26666666666,164.1904761904762,2488.325
3400,9879823.307692308,272996.3157894737,188.08695652173913,1451.4367228751491
3401,10279350.0,365000.0,152.0,2401.315789473684
3404,10294532.5,317500.0,172.0,1845.9302325581396
3440,10183369.45,274984.2105263158,150.88888888888889,1822.4284939152003
3450,10044457.181818182,351250.0,180.5,1945.9833795013851
3454,9623267.0,215000.0,145.5,1477.6632302405499
3460,9501237.333333334,398093.28571428574,174.0,2287.8924466338262
3461,10282103.0,199000.0,156.0,1275.6410256410256
3470,10131468.875,436666.6666666667,213.375,2046.4752977933997
3500,9709464.474226804,439225.1818181818,141.34831460674158,3107.3959603989015
3510,10295568.0,1450000.0,448.0,3236.6071428571427
3511,10048979.0,369933.3333333333,193.25,1914.2733937041828
3520,9211543.151515152,301596.9,142.41935483870967,2117.667927519819
3530,9460417.19047619,254850.13333333333,149.5,1704.683166109253
3540,9505466.0,349415.0,151.15384615384616,2311.6513994910943
3545,9861071.142857144,287775.0,102.57142857142857,2805.6058495821726
3550,9122140.363636363,508055.55555555556,194.45454545454547,2612.721417069243
3560,8960599.181818182,339747.5,126.0,2696.40873015873
3570,9759934.857142856,406670.0,162.07692307692307,2509.1172282866637
3580,9666107.119402984,327090.48780487804,145.75806451612902,2244.0644288926014
3581,9785839.0,299962.5,161.0,1863.1211180124224
3582,8612363.555555556,295018.8333333333,222.5,1325.9273408239699
3583,9260043.714285715,375593.25,276.4,1358.8757235890016
3590,10045291.555555556,385491.6666666667,207.55555555555554,1857.2938972162742
3600,9878004.479166666,343877.8,151.475,2270.1950816966496
3620,10109084.266666668,405452.07692307694,237.77777777777777,1705.17228612509
3621,10239079.5,589500.0,240.0,2456.25
3630,9664860.57142857,279611.46153846156,170.3,1641.875875152446
3640,9900270.6,414057.14285714284,236.66666666666666,1749.5372233400403
3650,9599918.142857144,321377.77777777775,161.15384615384616,1994.2296473084061
3660,10195263.666666666,459666.6666666667,223.5,2056.674123788218
3665,10221458.0,202000.0,130.75,1544.9330783938815
3670,10234832.0,309000.0,163.0,1895.7055214723925
3680,9671782.827586208,370074.4761904762,175.86363636363637,2104.32630555453
3690,9900134.333333334,579000.0,152.0,3809.2105263157896
3700,10045099.448275862,623452.0,212.3846153846154,2935.4856935892794
3720,9716197.375,361625.0,206.0,1755.4611650485438
3730,8809308.181818182,313000.0,144.27272727272728,2169.5022054190295
3740,9985427.777777778,348920.45454545453,182.57142857142858,1911.1448997012376
3770,10047452.2,422633.3333333333,215.125,1964.5942281619214
3790,8546324.5,210000.0,132.5,1584.9056603773586
3793,10147385.5,595000.0,290.0,2051.7241379310344
3800,9935454.118918918,361516.0598290598,148.96932515337423,2426.781885846996
3803,10182107.0,185000.0,77.0,2402.5974025974024
3830,10210774.0,386388.4285714286,144.0,2683.252976190476
3840,9653855.72,310261.2272727273,145.82608695652175,2127.611278256627
3850,10303888.0,295900.0,119.0,2486.5546218487393
3870,9860597.266666668,250608.75,134.92857142857142,1857.3438327157228
3890,10229384.111111112,301313.8888888889,155.28571428571428,1940.3838290912809
3891,10294776.5,944200.0,259.5,3638.535645472062
3910,10130066.0,585000.0,377.0,1551.7241379310344
3920,10130943.277777778,338372.5,123.92307692307692,2730.5043451272504
3930,10165199.333333334,496490.1666666667,249.5,1989.940547762191
3940,10270192.5,562000.0,200.5,2802.992518703242
3941,9996196.0,895000.0,400.0,2237.5
3945,10091915.57142857,330045.45454545453,150.85714285714286,2187.801308539945
3950,10131314.666666666,335449.6,195.0,1720.2543589743589
3960,9624459.375,453270.0,231.33333333333334,1959.380403458213
3970,9468346.153846154,368971.3333333333,190.95238095238096,1932.2688279301744
3980,10170015.75,295537.48,136.5,2165.1097435897436
3990,10032924.714285715,336907.14285714284,125.66666666666667,2680.958696475938
4000,9714618.0,275748.22222222225,126.5,2179.827843653931
4020,9727132.876623377,290638.4835164835,125.94160583941606,2307.724135954459
4030,8964678.333333334,270000.0,117.6,2295.918367346939
4031,9827646.6,355300.0,131.0,2712.2137404580153
4040,9374295.0,222411.8,161.5,1377.1628482972135
4041,9831317.461538462,263711.54545454547,103.0909090909091,2558.048500881834
4042,10259507.0,529738.0,190.0,2788.0947368421052
4050,9384879.888888888,269428.5714285714,113.83333333333333,2366.8688558878894
4051,10259771.0,145000.0,110.0,1318.1818181818182
4052,10135057.857142856,479479.75,191.85714285714286,2499.1498510796723
4053,10047481.0,250000.0,54.5,4587.155963302752
4100,9806310.261682242,229932.0375,121.8125,1887.589840944074
4101,9403560.5,,150.0,
4102,10197657.333333334,176333.33333333334,90.0,1959.2592592592594
4120,9786459.142857144,294960.0,110.83333333333333,2661.293233082707
4121,10103420.0,324000.0,196.5,1648.854961832061
4130,9982645.923076924,283166.6666666667,163.2,1735.089869281046
4140,8343826.888888889,360920.0,175.22222222222223,2059.7844007609383
4160,10089215.5,400000.0,145.0,2758.6206896551726
4170,9404609.0,172500.0,204.25,844.5532435740514
4180,10233581.0,95000.0,111.0,855.8558558558559
4190,9262349.0,,198.0,
4210,10284087.0,337750.0,185.0,1825.6756756756756
4218,9251664.0,,125.0,
4219,10006432.4,299750.0,188.6,1589.3425238600212
4250,10029445.0,288300.0,135.0,2135.5555555555557
4252,9504875.0,,194.0,
4257,9172603.5,786413.5,336.5,2337.038632986627
4260,9501790.6,322674.3333333333,150.4,2145.4410460992904
4280,9822652.57142857,302624.4285714286,147.28571428571428,2054.676042677013
4287,9740794.75,306666.6666666667,165.33333333333334,1854.8387096774193
4300,9394003.739130436,253900.0,122.65,2070.11822258459
4317,10210458.0,240000.0,87.0,2758.6206896551726
4340,10211962.333333334,639666.6666666666,213.0,3003.129890453834
4342,10216858.0,,200.0,
4350,8775889.2,187500.0,127.0,1476.3779527559054
4351,10246418.0,310000.0,110.0,2818.181818181818
4357,10258243.0,,105.0,
4360,9846754.142857144,288200.0,214.14285714285714,1345.8305537024683
4367,10085249.111111112,560377.1111111111,167.71428571428572,3341.2604580730645
4400,9868629.5,228132.5,136.65625,1669.3894351703636
4420,9761332.590909092,211497.375,207.95,1017.0587881702332
4430,9526519.652173912,272488.86666666664,123.55555555555556,2205.395503597122
4431,9347232.0,530000.0,147.66666666666666,3589.1647855530477
4432,9214167.0,213596.66666666666,99.4,2148.8598256203886
4450,9976889.416666666,314149.1818181818,128.25,2449.5062909799753
4460,9752319.0,225333.33333333334,129.2,1744.0660474716205
4470,10033333.625,320428.5714285714,153.375,2089.183839795087
4480,9977003.888888888,156700.0,141.75,1105.467372134039
4500,9188747.676470589,276200.7826086957,152.55223880597015,1810.5324757638793
4520,9237902.655172413,145000.0,141.54166666666666,1024.4333235207537
4530,10280868.0,375000.0,192.0,1953.125
4537,10060289.5,341920.5,161.75,2113.882534775889
4540,9958446.333333334,204528.5,199.95652173913044,1022.8648619265058
4550,10015007.5,319500.0,193.5,1651.1627906976744
4557,9401610.0,320000.0,218.0,1467.8899082568807
4560,9613300.0,220000.0,183.5,1198.9100817438691
4570,9633708.222222222,246066.66666666666,143.57142857142858,1713.8971807628523
4577,9353376.5,187000.0,196.16666666666666,953.2710280373832
4590,10309561.0,376600.0,180.0,2092.222222222222
4600,9905852.71875,281328.5714285714,107.13793103448276,2625.8540622557357
4602,10108335.0,,155.0,
4607,9338356.142857144,387625.0,200.42857142857142,1933.9807555238776
4608,9326505.0,242630.0,152.125,1594.93837304848
4610,9918603.666666666,200890.0,115.4,1740.8145580589253
4620,9717174.6,238738.25,101.58333333333333,2350.1714520098444
4621,9725173.142857144,340879.0,,
4624,9891277.25,246804.0,81.5,3028.269938650307
4630,9820471.5,271166.6666666667,134.3,2019.1114420451725
4650,9852280.125,450000.0,162.83333333333334,2763.5619242579323
4651,10205101.0,650000.0,680.0,955.8823529411765
4652,10257803.0,399000.0,165.0,2418.181818181818
4671,9161307.0,428050.0,174.4,2454.4151376146788
4680,10048534.88235294,340628.6153846154,176.1875,1933.3302043823505
4681,9526332.5,,105.0,
4682,8881035.2,208525.0,441.8,471.9895880488909
4683,9862267.5,,87.5,
4684,8335577.75,345000.0,194.85714285714286,1770.5278592375366
4690,9018278.153846154,319200.0,189.3846153846154,1685.4589764419172
4700,9606603.421052631,324330.95238095237,104.82352941176471,3094.06632462188
4701,7333228.0,,81.5,
4710,10073731.5,333000.0,170.0,1958.8235294117646
4720,9933774.333333334,297666.6666666667,200.0,1488.3333333333335
4721,10240468.0,279000.0,,
4730,10029004.0,345699.6666666667,119.33333333333333,2896.924581005587
4731,9954560.0,,140.0,
4761,10223523.0,295000.0,246.0,1199.1869918699188
4770,10253103.5,430000.0,260.5,1650.6717850287907
4790,9394862.0,850000.0,300.0,2833.3333333333335
4800,9750138.425925925,286917.68888888886,155.6888888888889,1842.891236083357
4801,9253233.666666666,390000.0,95.8,4070.98121085595
4802,9621472.777777778,337492.85714285716,131.11111111111111,2574.0980629539954
4820,9788835.888888888,188544.44444444444,138.375,1362.5614774666265
4821,10146026.0,299246.0,143.85714285714286,2080.1608738828204
4830,10192512.0,250000.0,153.0,1633.986928104575
4837,9811878.25,289000.0,96.0,3010.4166666666665
4840,9643163.0,307873.2,132.0,2332.3727272727274
4841,8595842.0,259000.0,120.0,2158.3333333333335
4845,8072012.333333333,380000.0,165.5,2296.07250755287
4850,9891489.0,447400.0,223.33333333333334,2003.283582089552
4860,9666601.0,245666.66666666666,166.6,1474.5898359343737
4870,9789577.444444444,322642.85714285716,199.375,1618.2713837886251
4877,10162235.333333334,626666.6666666666,275.0,2278.7878787878785
4880,10227435.0,825000.0,450.0,1833.3333333333333
4890,9399978.5,530444.4444444445,188.66666666666666,2811.5429917550064
4900,10050621.714285715,384500.0,179.38888888888889,2143.388045834624
4910,10156163.6,332600.0,154.75,2149.2730210016157
4920,9471130.461538462,542400.0,183.3846153846154,2957.718120805369
4950,8685923.0,,135.0,
4960,9992547.333333334,327291.54545454547,121.15384615384616,2701.454025974026
4970,9659458.181818182,356333.3333333333,350.625,1016.2804515745692
4980,9904390.888888888,348550.0,133.33333333333334,2614.125
4987,10108410.0,200000.0,,
4990,10259670.5,175000.0,368.0,475.54347826086956
5000,9972929.772413794,319276.2454545455,138.24285714285713,2309.531588490047
5001,9819199.67857143,345000.0,161.46428571428572,2136.695421366954
5002,10279056.714285715,313000.0,160.64285714285714,1948.421520675856
5004,10084093.454545455,290141.71428571426,98.0909090909091,2957.885873162981
5020,10030371.653846154,333969.2,167.4,1995.037037037037
5030,9924139.138888888,305575.18518518517,131.51724137931035,2323.461030511371
5031,10211624.6,471250.0,281.6666666666667,1673.0769230769229
5032,10266687.0,349000.0,293.0,1191.1262798634812
5060,10025682.267441861,249183.6891891892,146.55555555555554,1700.2677806692213
5070,10280728.0,249348.27586206896,179.17391304347825,1391.6550217975216
5081,10122660.0,190000.0,230.0,826.0869565217391
5100,10074467.076923076,310999.9743589744,126.76,2453.4551464103374
5101,10295635.0,352500.0,99.0,3560.6060606060605
5140,10145008.76923077,287200.0,137.58333333333334,2087.4621441550576
5150,10196055.692307692,308333.3333333333,187.0909090909091,1648.0401684483315
5170,9982615.75,344768.75,283.55,1215.9010756480338
5190,9993192.291666666,254804.85,141.05,1806.4859978730944
5300,10181048.603773585,263957.25,143.6326530612245,1837.7245311167947
5310,10170022.852941176,393661.63333333336,175.41935483870967,2244.11743900944
5330,9842244.4,286625.0,170.4,1682.0715962441313
5334,10290484.0,275000.0,220.0,1250.0
5340,10142833.4,342937.5,188.66666666666666,1817.689929328622
5350,9934540.307692308,373009.1111111111,176.53846153846155,2112.9056402808037
5351,10293277.5,337000.0,135.0,2496.296296296296
5354,10284007.0,199000.0,247.0,805.668016194332
5360,10296827.5,340500.0,200.0,1702.5
5370,10236067.23076923,250346.15384615384,190.5,1314.1530385624874
5374,10124634.0,,110.0,
5377,10196611.833333334,278700.0,168.66666666666666,1652.3715415019765
5380,10207315.2,426250.0,222.0,1920.045045045045
5500,10111748.304347826,228444.7,171.05263157894737,1335.5228615384615
5503,9666381.0,,103.5,
5504,10287623.0,344165.0,165.0,2085.848484848485
5520,10244731.666666666,183333.33333333334,106.66666666666667,1718.75
5522,9369404.0,,182.0,
5530,10169799.07142857,307805.76923076925,126.75,2428.4478834774695
5537,9977492.3,230428.57142857142,249.88888888888889,922.1241186559106
5540,10202640.94736842,152684.2105263158,83.84615384615384,1821.0043457267022
5541,8669216.0,,196.0,
5542,9820193.0,58000.0,43.0,1348.8372093023256
5544,9792748.5,249000.0,174.0,1431.0344827586207
5550,10212316.0,221750.0,167.5,1323.8805970149253
5555,10246600.25,306666.6666666667,,
5560,10203406.2,282250.0,213.33333333333334,1323.046875
5561,9870771.666666666,202500.0,118.66666666666667,1706.4606741573034
5562,10254755.0,279000.0,,
5564,10231401.0,312000.0,330.0,945.4545454545455
5570,10225919.0,223500.0,166.875,1339.3258426966293
5572,10311544.0,160000.0,,
5575,10012226.777777778,246714.2857142857,72.2,3417.095370003957
5580,9949535.612903226,241511.11111111112,176.17241379310346,1370.8792762227877
5590,10160699.0,317094.375,199.37037037037038,1590.4789383243544
5600,10229648.647058824,272218.75,210.73333333333332,1291.7688231572288
5620,10244501.17857143,201550.0,158.6,1270.8070617906683
5621,9841927.0,116666.66666666667,197.5,590.717299578059
5630,10159564.916666666,264900.0,167.5,1581.4925373134329
5640,10221244.833333334,311023.5294117647,257.70588235294116,1206.8934033325725
5644,10302687.0,259000.0,82.0,3158.5365853658536
5646,10300260.0,115000.0,175.0,657.1428571428571
5650,10227066.8125,251406.25,196.92857142857142,1276.6367428364165
5651,9748758.0,273555.55555555556,173.42857142857142,1577.3384587223138
5660,10223521.125,196156.2857142857,114.25,1716.9040325101594
5670,9965865.636363637,156444.44444444444,162.5,962.7350427350427
6000,9829990.403846154,196871.79487179487,171.60526315789474,1147.2363449054142
6001,9971456.263157895,230666.66666666666,141.1,1634.7743916843847
6010,9900907.2,180875.0,167.28571428571428,1081.2339880444065
6020,9368124.0,104499.75,102.0,1024.5073529411766
6030,9433633.714285715,133580.0,235.5,567.2186836518047
6031,9548461.125,162333.33333333334,130.6,1242.9811128126596
6032,9722494.538461538,215557.14285714287,124.22222222222223,1735.2542806031179
6040,9599816.05263158,177574.83333333334,185.08333333333334,959.4317874831157
6041,9216951.888888888,181500.0,126.81818181818181,1431.1827956989248
6042,9872994.285714285,200055.8,135.16666666666666,1480.0675709001234
6043,9425657.75,248830.0,183.75,1354.1768707482993
6044,9769925.0,179400.0,159.11111111111111,1127.513966480447
6060,9791306.851851853,177039.95,128.76190476190476,1374.9404400887574
6061,9418277.0,151333.33333333334,192.66666666666666,785.4671280276817
6110,9793314.555555556,400833.3333333333,304.7142857142857,1315.439912486326
6111,10146448.333333334,584666.6666666666,191.66666666666666,3050.4347826086955
6120,10230312.25,354750.0,254.0,1396.6535433070867
6140,7617317.666666667,,153.0,
6141,9697241.5,212500.0,172.0,1235.4651162790697
6142,9005622.0,225000.0,110.0,2045.4545454545455
6150,9419834.58064516,230789.42105263157,158.28571428571428,1458.0559091772755
6180,10092976.384615384,384750.0,167.8,2292.908224076281
6181,9638839.0,80000.0,,
6182,9958441.0,100000.0,89.0,1123.5955056179776
6183,9866542.529411765,190333.26666666666,121.94117647058823,1560.8613281878115
6200,9729064.272727273,174750.0,124.28571428571429,1406.0344827586207
6210,10051584.666666666,299399.8,169.66666666666666,1764.6353634577604
6211,8729220.0,,222.0,
6220,10055882.066666666,268625.0,129.2,2079.140866873065
6222,10022268.0,262133.33333333334,101.0,2595.3795379537955
6224,9717421.666666666,295000.0,121.5,2427.98353909465
6230,9452562.777777778,249574.0,114.0,2189.245614035088
6238,10162465.5,229000.0,115.5,1982.6839826839828
6240,9986653.714285715,248285.7142857143,318.0,780.7726864330638
6250,9221147.333333334,167204.7142857143,116.45454545454545,1435.793799487008
6280,9944672.8,297909.0909090909,168.0,1773.2683982683982
6440,9785242.4,,60.8,
6460,9798368.75,137588.75,,
6470,10104145.0,248250.0,160.0,1551.5625
6500,10106465.333333334,345583.3333333333,253.33333333333334,1364.1447368421052
6530,10160189.8,177666.66666666666,133.6,1329.8403193612774
6532,10254808.0,340000.0,127.0,2677.165354330709
6533,9020896.5,225000.0,167.0,1347.3053892215569
6534,9114978.0,295000.0,114.0,2587.719298245614
6536,9492676.75,241287.5,170.75,1413.103953147877
6540,9963724.375,360288.875,214.71428571428572,1677.9920991350632
6560,9927207.875,139166.66666666666,149.0,934.0044742729306
6567,9899665.4,256333.33333333334,180.25,1422.0989366620436
6590,10254535.5,240750.0,466.0,516.6309012875537
6592,9934739.0,285000.0,369.0,772.3577235772358
6593,9084873.0,95000.0,,
6600,10081740.323529411,298300.0,137.7391304347826,2165.6881313131316
6630,10051575.0,207375.0,,
6637,10233060.0,335000.0,264.0,1268.939393939394
6640,9877539.0,290750.0,148.25,1961.2141652613827
6642,10266135.0,149000.0,190.0,784.2105263157895
6660,9801118.166666666,220800.0,196.25,1125.095541401274
6662,9989967.0,205000.0,88.0,2329.5454545454545
6670,10263440.666666666,274666.6666666667,167.0,1644.7105788423155
6680,10155734.0,320000.0,,
6690,10005083.181818182,330500.0,159.22222222222223,2075.7152826238657
6700,9856455.914285714,365970.2702702703,134.2622950819672,2725.785895785896
6717,10052431.666666666,585000.0,202.66666666666666,2886.513157894737
6720,9985497.625,373928.77777777775,166.15384615384616,2250.4972736625514
6740,9962545.714285715,315800.0,639.4,493.90053174851425
6741,10172358.0,230000.0,387.0,594.3152454780362
6750,10046672.375,247500.0,260.7142857142857,949.3150684931506
6760,9999231.76923077,282750.0,549.9166666666666,514.1688134565844
6761,9334536.0,,100.0,
6762,9546370.142857144,213500.0,203.57142857142858,1048.7719298245613
6767,9463589.0,269000.0,181.5,1482.0936639118456
6769,9612967.714285715,208000.0,276.85714285714283,751.2899896800826
6780,9922519.4,500285.71428571426,186.75,2678.9061005928475
6781,9940386.0,,133.0,
6790,9491349.625,291714.28571428574,146.54166666666666,1990.6576221617454
6791,10055258.111111112,311223.75,171.22222222222223,1817.6597988319272
6792,9726268.416666666,310333.3333333333,140.27272727272728,2212.3568805357527
6800,9708159.625,215358.33333333334,123.81818181818181,1739.3110621634853
6810,9794141.8,206666.66666666666,80.6,2564.102564102564
6813,10029883.0,280000.0,140.0,2000.0
6820,10122845.5,295833.3333333333,267.75,1104.886399004046
6830,10062852.75,479375.0,260.57142857142856,1839.7066885964914
6832,9994898.0,550000.0,703.0,782.3613086770981
6833,10046043.0,1385000.0,471.0,2940.552016985138
6840,10115684.0,199000.0,327.0,608.5626911314985
6850,10197908.25,263250.0,279.6666666666667,941.2991656734207
6852,8987986.0,,238.0,
6860,10213818.0,320000.0,312.0,1025.6410256410256
6870,9959720.42857143,247000.0,186.28571428571428,1325.920245398773
6880,9655600.76923077,349966.6666666667,152.91666666666666,2288.6103542234337
6887,10013101.0,170000.0,286.0,594.4055944055945
6890,9440005.75,,128.25,
6900,9679127.386363637,351907.9393939394,148.4047619047619,2371.2712104196144
6920,10061444.0,177666.66666666666,92.33333333333333,1924.187725631769
6927,10266022.0,221250.0,192.0,1152.34375
6929,10123766.0,240000.0,147.5,1627.1186440677966
6940,9779449.066666666,317055.55555555556,122.61538461538461,2585.773037780566
6950,9669528.5,420000.0,302.0,1390.728476821192
6951,9085019.666666666,147500.0,140.0,1053.5714285714287
6953,10059782.0,295000.0,106.0,2783.0188679245284
6960,9885830.0,355000.0,155.66666666666666,2280.5139186295505
6970,10290429.666666666,270000.0,115.33333333333333,2341.0404624277458
6980,9921284.375,361300.5,267.14285714285717,1352.4617647058822
6984,10277932.0,599000.0,431.0,1389.7911832946636
6987,9986412.666666666,209000.0,129.33333333333334,1615.979381443299
6990,9567171.333333334,167333.33333333334,101.66666666666667,1645.9016393442623
6997,10151168.0,721666.6666666666,105.0,6873.015873015873
7000,9556428.471910112,296542.4528301887,134.3972602739726,2206.4620381820177
7011,8879106.375,206166.66666666666,132.71428571428572,1553.4625044851093
7012,9910627.818181818,165714.2857142857,184.75,896.9650106321284
7020,10125145.454545455,144250.0,90.0,1602.7777777777778
7021,8703998.0,15000000.0,10000.0,1500.0
7022,9423585.333333334,425000.0,238.0,1785.7142857142858
7030,9281395.0,,,
7033,9314153.5,162763.33333333334,919.0,177.10917664127675
7034,7326585.75,386000.0,100.75,3831.2655086848636
7040,9690539.25,351917.6666666667,207.33333333333334,1697.3520900321544
7041,9762029.0,,173.0,
7050,9864380.375,455908.4,303.4,1502.6644693473963
7060,10120599.971428571,255974.625,167.92,1524.3843794664126
7061,10234912.0,149000.0,85.0,1752.9411764705883
7062,10134241.0,125000.0,91.0,1373.6263736263736
7063,10122704.0,170000.0,,
7070,9343844.25,209627.8,195.0,1075.0143589743589
7080,10061040.47368421,172000.0,147.86666666666667,1163.2100991884581
7090,9822546.606060605,244468.70588235295,122.06666666666666,2002.747453978861
7100,9583922.738095239,199086.76,119.25714285714285,1669.3906564446575
7110,9601977.4,269932.22222222225,165.0,1635.9528619528621
7120,10169106.333333334,183333.33333333334,177.4,1033.446072904923
7130,9422195.782608695,467666.6,125.35,3730.8863183087356
7131,7489359.0,,165.0,
7133,9447985.0,,95.0,
7134,10031585.75,256961.5,199.0,1291.2638190954774
7140,10167335.25,165600.0,186.5,887.9356568364611
7141,10078738.0,203463.875,141.5,1437.9072438162543
7160,9750511.083333334,183904.25,125.0,1471.234
7170,9845984.137931034,249629.05263157896,160.56,1554.7399889859178
7180,9497382.448275862,265000.0,79.17857142857143,3346.865133062697
7181,9598711.857142856,369902.75,139.0,2661.1708633093526
7190,10049990.6,260950.0,158.5,1646.372239747634
7300,9979614.785714285,231636.36363636365,225.875,1025.506867233486
7301,9725878.92857143,141857.14285714287,127.85714285714286,1109.4972067039107
7320,10206512.5,142500.0,,
7321,10245300.0,322500.0,82.0,3932.9268292682927
7322,10288142.0,150000.0,,
7330,9404852.777777778,297785.71428571426,154.8125,1923.5250014418361
7331,9162073.5,177000.0,102.0,1735.2941176470588
7332,10126597.333333334,184375.8,114.4,1611.6765734265732
7333,10133346.0,649000.0,240.0,2704.1666666666665
7334,10267711.333333334,276166.6666666667,108.33333333333333,2549.2307692307695
7340,9649246.777777778,133000.0,137.6315789473684,966.3479923518165
7350,9924123.75,415000.0,217.5,1908.0459770114942
7370,9835120.823529411,164778.52173913043,155.41379310344828,1060.2567407221616
7380,10022598.25,202527.5,119.75,1691.2526096033403
7387,9874449.5,315000.0,224.42857142857142,1403.5646085295991
7390,9913315.11764706,185769.23076923078,151.0,1230.2598064187468
7500,9716306.063157896,256627.6923076923,165.9620253164557,1546.3036909700015
7501,9996519.0,280000.0,102.0,2745.098039215686
7503,9130869.333333334,721567.5,174.0,4146.939655172414
7504,9021130.0,,,
7520,9895412.4,276316.6666666667,208.5,1325.259792166267
7522,10219284.0,277758.5,,
7530,9949899.25,190000.0,107.0,1775.7009345794393
7534,10200209.0,298437.0,,
7536,10187505.0,234500.0,84.0,2791.6666666666665
7540,10124461.6,264666.6666666667,364.0,727.1062271062272
7542,9846888.0,210000.0,128.0,1640.625
7548,9743280.0,,100.0,
7600,10201263.875,344000.0,209.4,1642.7889207258834
7603,10140616.75,107500.0,328.3333333333333,327.4111675126904
7604,10265833.0,80000.0,,
7608,9778623.0,,150.0,
7610,9916131.6,284299.5,161.6,1759.2790841584158
7618,10051557.0,155000.0,86.0,1802.3255813953488
7620,10129806.0,280000.0,180.0,1555.5555555555557
7621,10260195.0,169000.0,137.0,1233.5766423357663
7622,9604209.0,,,
7623,8862179.0,,,
7640,10157930.5,264500.0,85.0,3111.764705882353
7641,9507188.0,202997.5,190.0,1068.407894736842
7642,10258864.0,179000.0,101.0,1772.2772277227723
7700,9302370.284552846,228628.22535211267,121.12087912087912,1887.6037476902789
7711,9601758.444444444,313200.0,171.66666666666666,1824.4660194174758
7712,10166503.25,181000.0,158.66666666666666,1140.7563025210084
7730,9422514.25,379500.0,139.66666666666666,2717.183770883055
7740,9081539.75,314051.5,119.85714285714286,2620.215137067938
7742,10297109.0,518500.0,,
7750,9793449.666666666,1187500.0,1220.5,972.9619008603031
7760,9266109.285714285,180000.0,207.66666666666666,866.7736757624399
7780,9927279.4,193960.0,155.66666666666666,1245.9957173447538
7782,9859953.5,349975.0,136.0,2573.345588235294
7783,9114629.0,,86.0,
7800,9809933.25,262085.12,94.53125,2772.470690909091
7801,10013255.5,270000.0,302.0,894.0397350993378
7802,9557992.5,750000.0,188.5,3978.7798408488065
7810,10139926.0,85000.0,85.0,1000.0
7812,10174019.0,182500.0,215.0,848.8372093023256
7822,9043831.666666666,334406.0,,
7830,10035516.4,491250.0,209.75,2342.0738974970204
7850,9531046.538461538,310937.5,145.16666666666666,2141.9345579793344
7860,10089649.611111112,250669.5294117647,160.75,1559.3749885646328
7861,10072778.0,159000.0,92.0,1728.2608695652175
7864,10052544.0,160000.0,115.0,1391.304347826087
7866,9780376.666666666,,179.0,
7870,10045818.0,227000.0,60.0,3783.3333333333335
7880,10293876.0,385000.0,245.0,1571.4285714285713
7890,9758887.5,733092.0,160.5,4567.551401869159
7900,9356177.5,237482.5,159.83333333333334,1485.8133472367049
7903,10211998.0,280000.0,275.0,1018.1818181818181
7904,10123748.0,325000.0,186.0,1747.3118279569892
7910,9863009.75,926000.0,183.5,5046.321525885559
7911,9999289.285714285,344666.6666666667,225.42857142857142,1528.9395859738067
7912,10229411.0,383450.0,260.0,1474.8076923076924
7940,10166633.0,264425.6666666667,217.0,1218.5514592933948
7950,9178788.0,276000.0,188.625,1463.220675944334
7951,9685697.666666666,301238.0,115.0,2619.4608695652173
7970,10032009.0,225000.0,151.5,1485.148514851485
7971,9561632.75,179000.0,165.25,1083.2072617246597
7972,10233155.0,250000.0,120.0,2083.3333333333335
7973,9792681.5,115000.0,390.0,294.87179487179486
8000,9834657.754385965,446904.15277777775,162.69565217391303,2746.872130916325
8020,9690374.57142857,428498.8888888889,178.33333333333334,2402.797507788162
8200,9748182.583333334,337480.0,141.89743589743588,2378.3375496928084
8210,9846240.270833334,380102.85714285716,144.66666666666666,2627.439104674128
8211,9137011.666666666,370500.0,133.0,2785.714285714286
8300,9435524.312703583,1277651.7857142857,129.58241758241758,9859.76191485753
8301,9779256.0,,191.0,
8310,9618757.0,434038.0714285714,171.1764705882353,2535.617599410898
8340,9404173.411764706,569406.5,248.72727272727272,2289.280519005848
8370,9771877.606896551,306148.6055045872,94.19402985074628,3250.191185043153
8377,10223993.0,,251.0,
8380,9903198.605263159,315769.5789473684,100.54054054054055,3140.718930390492
8400,9314263.234501347,378312.0786516854,108.3695652173913,3490.9439554618916
8420,9395252.638554217,410888.4,113.11688311688312,3632.42328358209
8430,9295306.077922078,286622.61904761905,90.46153846153847,3168.447319403952
8434,9486420.096774194,243054.41176470587,86.09615384615384,2823.0577198491637
8450,9874761.319148935,283553.53125,129.5,2189.602557915058
8460,9608238.421052631,387053.5714285714,120.14285714285714,3221.6111771700357
8470,8982025.23076923,416500.0,104.27272727272727,3994.33304272014
8480,9837769.137931034,315527.77777777775,134.57142857142858,2344.68624675631
8490,9980105.294117646,394177.0909090909,141.16666666666666,2792.281635719652
8500,9674632.0625,378729.98245614034,154.7741935483871,2446.984046715371
8501,9315230.461538462,448957.9375,147.0625,3052.8376540586487
8510,9649530.0,594560.0,241.85714285714286,2458.3106910809215
8520,10169565.076923076,283500.0,170.66666666666666,1661.1328125
8530,9508758.554054054,268338.64444444445,112.21052631578948,2391.385668125912
8531,9171133.5,,104.66666666666667,
8540,10021102.870967742,371271.0833333333,136.32,2723.5261394757435
8550,9745955.357142856,292224.35,132.47826086956522,2205.8287003610108
8551,10307128.0,499000.0,375.0,1330.6666666666667
8552,9661703.8,279500.0,135.5,2062.730627306273
8553,9931049.5,308309.0,128.0,2408.6640625
8554,10127727.5,295307.0,141.0,2094.375886524823
8560,9523382.5,251736.84210526315,127.82758620689656,1969.3467550721962
8570,9706849.782608695,415202.06451612903,132.5142857142857,3133.262668836679
8573,10301291.0,409000.0,180.0,2272.222222222222
8580,9631143.894736841,353550.0,207.1875,1706.4253393665158
8581,9954760.0,417500.0,180.0,2319.4444444444443
8582,9720325.0,300333.3333333333,175.0,1716.1904761904761
8587,10314342.0,270000.0,,
8600,9640544.94117647,325377.1818181818,137.91666666666666,2359.2303213402915
8610,9956062.151515152,335923.25,149.5,2246.978260869565
8620,9334272.010309279,362896.5517241379,98.48148148148148,3684.921736198467
8630,9809631.88,339390.8918918919,115.05,2949.9425631629024
8640,10264957.0,234000.0,144.0,1625.0
8647,10224199.5,292500.0,405.5,721.3316892725031
8650,9774248.086956521,324822.4,167.30769230769232,1941.4672183908046
8660,9824783.127906976,381818.8039215686,98.078125,3893.0067629409577
8670,9444187.077586208,499657.01923076925,108.35955056179775,4611.102728280637
8680,10092728.111111112,452500.0,153.75,2943.089430894309
8690,10168874.0,313966.6666666667,238.0,1319.187675070028
8691,10242404.0,654900.0,269.0,2434.5724907063195
8700,9903092.368421054,378201.5625,175.07692307692307,2160.202246265378
8710,9737429.805555556,312054.8076923077,138.44,2254.079801302425
8720,9893720.090909092,401971.14285714284,169.11111111111111,2376.9647080908576
8730,10150769.222222222,425173.5714285714,187.44444444444446,2268.264459310695
8740,9521451.789473685,370077.6923076923,174.5,2120.7890676658585
8750,9723185.051282052,312950.0,147.16666666666666,2126.500566251416
8755,10042848.666666666,290250.0,162.66666666666666,1784.3237704918033
8760,9734728.42857143,360785.85714285716,147.41666666666666,2447.3885165145766
8770,9559534.541666666,380357.84,148.33333333333334,2564.2101573033706
8780,9906106.636363637,310078.0,157.3,1971.2523839796565
8790,9789608.155555556,362478.3103448276,150.45679012345678,2409.1854548232573
8791,9800542.891304348,341927.8965517241,137.52272727272728,2486.337373702836
8792,9864716.5625,291344.3076923077,104.0,2801.387573964497
8793,9476885.0,330000.0,145.5,2268.041237113402
8800,9519284.050314466,317541.55844155845,124.51694915254237,2550.187429122977
8810,9156232.0,330069.14285714284,143.66666666666666,2297.4650314882333
8820,9516143.974358974,296525.0,160.875,1843.2012432012432
8830,9853396.964285715,388190.4,130.85714285714286,2966.5205240174673
8840,9757806.05,282807.26666666666,116.15384615384616,2434.7645474613687
8850,9930431.45,249191.45454545456,125.57894736842105,1984.341004343519
8860,9471014.25,393000.0,160.41666666666666,2449.87012987013
8870,9745340.38235294,332041.3095238095,151.6206896551724,2189.9472313373835
8880,10140041.666666666,253000.0,173.5,1458.21325648415
8890,10141175.8,305000.0,157.5,1936.5079365079366
8900,9894667.140625,306579.0740740741,100.1891891891892,3060.0015486217267
8902,9783577.0,1300000.0,,
8908,9554767.5,450000.0,253.0,1778.6561264822135
8920,10184723.909090908,299119.0,101.75,2939.744471744472
8930,9790304.3,237093.08,151.33333333333334,1566.69436123348
8940,10136671.777777778,254078.25,123.0,2065.6768292682927
8950,10244573.0,,,
8953,9626688.75,267875.0,165.0,1623.4848484848485
8958,10310108.0,549000.0,269.0,2040.89219330855
8970,9689272.304347826,265165.53846153844,142.06666666666666,1866.4866620943578
8972,9643843.0,,130.0,
8978,9779114.0,,131.0,
8980,9972216.625,262832.8333333333,232.8,1129.0070160366552
9000,9745580.196,458597.24113475176,122.3215859030837,3749.111309741371
9030,9383841.458333334,446975.0,164.5909090909091,2715.672466169566
9031,10063472.666666666,413639.4285714286,152.63636363636363,2709.966476644261
9032,9691439.333333334,399371.4285714286,116.9090909090909,3416.0853143745835
9040,9877406.176470589,365389.0,142.84615384615384,2557.919763058697
9041,9715925.074074075,408666.6666666667,129.5,3155.727155727156
9050,9811059.611111112,337629.4285714286,126.13333333333334,2676.7660827544546
9051,9879375.5,332500.0,138.85714285714286,2394.5473251028807
9052,9837498.3125,366636.36363636365,99.375,3689.4225271583764
9060,9685775.363636363,281832.23076923075,103.27272727272727,2729.0092768147347
9070,9999812.857142856,445575.0,154.55555555555554,2882.943925233645
9080,9759488.608695652,377669.5789473684,125.54545454545455,3008.2298105872937
9090,10123739.4,728987.5,233.77777777777777,3118.292538022814
9100,9855706.762711864,414588.30555555556,188.5,2199.407456528146
9111,9992214.666666666,340800.0,231.33333333333334,1473.1988472622477
9112,10148311.0,,,
9120,9553209.833333334,445670.0,160.0,2785.4375
9130,10112905.333333334,282000.0,135.5,2081.180811808118
9140,9879031.05263158,359742.0833333333,147.03225806451613,2446.6881490419773
9150,10025571.285714285,342968.75,139.76923076923077,2453.8215465052285
9160,9743357.19642857,358948.86363636365,138.72222222222223,2587.536862416718
9170,10185665.823529411,419538.46153846156,144.5625,2902.125112241844
9180,10168683.833333334,456650.0,163.5,2792.966360856269
9185,9691070.789473685,453316.625,175.88235294117646,2577.385493311037
9190,9226037.292682927,349488.46153846156,167.17241379310346,2090.58691926885
9200,10069753.360655738,405845.14545454545,141.0566037735849,2877.1793350843914
9220,9903080.0,292309.26086956525,119.04761904761905,2455.397791304348
9230,10001721.266666668,400074.26086956525,167.2962962962963,2391.4113445823027
9240,10092846.583333334,325000.0,159.9,2032.520325203252
9250,9833882.0,507000.0,186.25,2722.1476510067114
9255,10033923.323529411,402991.03571428574,150.09375,2684.9288242467505
9260,9599510.0,278205.0,122.42857142857143,2272.3862310385066
9270,10057639.25,372333.3333333333,143.25,2599.185573007562
9280,9956017.65116279,357855.9428571428,138.2,2589.406243539384
9290,9827799.67857143,430760.95,159.31578947368422,2703.8183184671293
9308,9826393.5,446206.3333333333,172.66666666666666,2584.206563706564
9310,9904878.833333334,409572.0,144.83333333333334,2827.8849252013806
9320,9874293.157894736,323105.35714285716,162.23529411764707,1991.5848699886046
9340,10004920.54054054,303530.125,121.38709677419355,2500.513918416157
9400,9424684.036363637,349731.0740740741,162.15217391304347,2156.807803647595
9402,9650600.0,314500.0,94.66666666666667,3322.183098591549
9420,9931682.458333334,432991.17647058825,180.63636363636363,2397.032179756654
9450,9944600.52631579,368983.3333333333,181.46666666666667,2033.3394562821454
9470,9759621.826086957,364690.5,187.0,1950.216577540107
9473,10007189.0,468000.0,228.0,2052.6315789473683
9500,10013005.72413793,363604.0576923077,165.1917808219178,2201.102596528606
9506,10066984.444444444,311875.0,179.2,1740.3738839285716
9520,10129270.5,304825.0,177.8,1714.4263217097862
9550,9936712.5625,349735.3103448276,172.125,2031.8681792001603
9552,9827593.5,534366.0,193.0,2768.7357512953367
9570,9797835.466666667,338500.0,193.46666666666667,1749.6554100620262
9572,8361182.5,,120.5,
9620,9496977.390625,370426.3548387097,164.9795918367347,2245.285921214346
9630,10052640.083333334,376584.0,190.6,1975.781741867786
9660,9504720.588235294,297683.4375,175.1627906976744,1699.4673144583112
9661,10230339.0,220000.0,197.0,1116.751269035533
9667,10115578.0,180000.0,100.0,1800.0
9680,9786842.25,566428.5714285715,317.25,1785.4328492626366
9690,9955946.684210526,500553.32,159.47058823529412,3138.8441313168573
9700,9679009.93150685,385393.0930232558,143.61194029850745,2683.572774117454
9750,9606024.0,434487.0,180.0,2413.8166666666666
9770,9598862.4,,110.8,
9772,9646378.5,,155.0,
9790,10100774.666666666,363079.3333333333,179.6,2021.5998515219005
9800,9937527.205882354,417490.2962962963,165.3448275862069,2524.9673811454836
9810,9967316.2,433886.14285714284,138.25,3138.4169465254454
9820,9879974.130434783,567718.1818181818,176.86363636363637,3209.920328964276
9830,9894066.0,,140.66666666666666,
9840,9422359.42857143,593109.0,221.33333333333334,2679.7093373493976
9850,9788065.625,417305.5,160.0,2608.159375
9860,9976574.1875,353068.1818181818,263.3333333333333,1340.7652474108172
9870,9726342.293103449,453992.85714285716,151.79591836734693,2990.81070180156
9880,9598867.879310345,367600.0,101.06122448979592,3637.399030694669
9881,10197697.0,572500.0,179.0,3198.3240223463686
9890,10078197.763157895,438185.1724137931,150.25,2916.373859659189
9900,9136447.73076923,284035.0,104.4,2720.6417624521073
9910,9504579.363636363,279645.8,112.0,2496.8375
9920,9284927.666666666,780712.5,104.0,7506.850961538462
9921,10202188.0,489000.0,180.0,2716.6666666666665
9930,9969922.42857143,391350.0,136.57142857142858,2865.533472803347
9931,7795184.0,,,
9940,9760818.925925925,370461.4482758621,126.82926829268293,2920.946034482759
9950,9417250.5,377204.0,182.0,2072.5494505494507
9960,10186329.0,296600.0,242.0,1225.6198347107438
9961,10182678.0,229000.0,89.0,2573.0337078651687
9968,10290843.5,296500.0,165.0,1796.969696969697
9970,9796497.0,216225.0,173.5,1246.2536023054754
9971,10020650.0,474187.5,212.16666666666666,2234.976433621367
9980,10154823.5,205000.0,150.0,1366.6666666666667
9990,9455334.1,445964.3333333333,162.17857142857142,2749.8351317624606
9991,9479807.181818182,281471.5,176.875,1591.3583038869258
9992,9635696.0,599000.0,,
